,Dataset,num of round,num of clients,global_acc,global_loss,global_f1,global_precision,global_recall,global_auc,global_fpr
0,Drebin,100,10,0.10397393940537457,0.16744587996533575,0.28707693933238443,0.012514495480131518,0.2895990047124457,0.04387758121990543,0.2895990047124456
