,Dataset,num of round,num of clients,global_acc,global_loss,global_f1,global_precision,global_recall,global_auc,global_fpr
0,Drebin,100,10,0.8998503989361701,0.2046567352861166,0.9012038695045927,0.857167048894067,0.97599639314698,0.9769732491734295,0.024003606853020717
