,Dataset,num of round,num of clients,global_acc,global_loss,global_f1,global_precision,global_recall,global_auc,global_fpr
0,Drebin,100,10,0.8327992021276593,0.3412059285491705,0.5868791718063388,0.9667013132924996,0.568863841298467,0.9439548744510305,0.4311361587015329
