,Dataset,num of round,num of clients,global_acc,global_loss,global_f1,global_precision,global_recall,global_auc,global_fpr
0,Drebin,100,10,0.08000974755504309,6.938582909002537,0.07613796033298924,0.11323956402128653,0.039968524206055324,0.05909739217782718,0.03996852420605533
