,Dataset,num of round,num of clients,global_acc,global_loss,global_f1,global_precision,global_recall,global_auc,global_fpr
0,Drebin,100,10,0.16396605840828782,0.24573524757337079,0.12738292794668876,0.1899507146871514,0.015400818926637146,0.0788169843031142,0.015400818926637139
