,Dataset,num of round,num of clients,global_acc,global_loss,global_f1,global_precision,global_recall,global_auc,global_fpr
0,Drebin,100,10,0.1060290828101607,0.17068006592968263,0.29442668111884424,0.01196883630399807,0.29632826206104756,0.052627105387279514,0.29632826206104756
