,Dataset,num of round,num of clients,global_acc,global_loss,global_f1,global_precision,global_recall,global_auc,global_fpr
0,Drebin,100,10,0.0611608871931401,1.067766202393416,0.16721994072378485,0.0191154424859274,0.16995037413504782,0.017408764689542274,0.1699503741350479
