,Dataset,num of round,num of clients,global_acc,global_loss,global_f1,global_precision,global_recall,global_auc,global_fpr
0,Drebin,100,10,0.10028055472323258,0.20135324691466894,0.104293297246258,0.1055293258593996,0.12626745672761125,0.057190307485957256,0.12626745672761128
