,Dataset,num of round,num of clients,global_acc,global_loss,global_f1,global_precision,global_recall,global_auc,global_fpr
0,Drebin,100,10,0.9261369680851065,0.22369519948959352,0.9041838874777881,0.9172570589935835,0.9114337240757439,0.9720120432613437,0.0885662759242561
