,Dataset,num of round,num of clients,global_acc,global_loss,global_f1,global_precision,global_recall,global_auc,global_fpr
0,Drebin,100,10,0.9354587765957444,0.15211138933897017,0.8608882772610914,0.9772838616952728,0.8471145175834076,0.9817467524789997,0.1528854824165916
