,Dataset,num of round,num of clients,global_acc,global_loss,global_f1,global_precision,global_recall,global_auc,global_fpr
0,Drebin,100,10,0.15882068180912953,0.1907493456121925,0.11771914608618168,0.16690450288188216,0.010167215817543363,0.05169845338999496,0.01016721581754338
