,Dataset,num of round,num of clients,global_acc,global_loss,global_f1,global_precision,global_recall,global_auc,global_fpr
0,Drebin,100,10,0.9317386968085108,0.158849026709795,0.8525912644507647,0.9753584688492981,0.8389179440937778,0.9802726483636443,0.16108205590622174
