,Dataset,num of round,num of clients,global_acc,global_loss,global_f1,global_precision,global_recall,global_auc,global_fpr
0,Drebin,100,10,0.9096642287234041,2.68966275498271,0.9067369501680683,0.8669322525149065,0.9694860234445444,0.9624584411804227,0.030513976555455367
