,Dataset,num of round,num of clients,global_acc,global_loss,global_f1,global_precision,global_recall,global_auc,global_fpr
0,Drebin,100,10,0.06930502749752458,0.4570559002600265,0.19123755586817182,0.020712215370787695,0.19240538010285527,0.024095494930680052,0.19240538010285527
