,Dataset,num of round,num of clients,global_acc,global_loss,global_f1,global_precision,global_recall,global_auc,global_fpr
0,Drebin,100,10,0.8500565159574469,0.32363963209092617,0.8504876586906643,0.7871126898909491,0.9616591523895406,0.9489905678609263,0.03834084761045986
