,Dataset,num of round,num of clients,global_acc,global_loss,global_f1,global_precision,global_recall,global_auc,global_fpr
0,Drebin,100,10,0.9662200797872339,1.3252368201315403,0.9387588987241894,0.9698012042462851,0.9389179440937778,0.983062907201408,0.061082055906221795
