,Dataset,num of round,num of clients,global_acc,global_loss,global_f1,global_precision,global_recall,global_auc,global_fpr
0,Drebin,100,10,0.15548929114018561,0.23482931019757966,0.44707771185063133,0.09929804349354344,0.43960470984017636,0.07820023769512008,0.43960470984017636
