,Dataset,num of round,num of clients,global_acc,global_loss,global_f1,global_precision,global_recall,global_auc,global_fpr
0,Drebin,100,10,0.9397739361702129,4.1062086734175685,0.9252075643210845,0.9054047823425845,0.9516952209197478,0.9560047716253297,0.04830477908025247
1,Malgenome,100,10,0.9450131578947365,2.091230774372816,0.9296779700630695,0.8929099843882695,0.9822393822393823,0.9745359474101997,0.017760617760617752
