,Dataset,num of round,num of clients,global_acc,global_loss,global_f1,global_precision,global_recall,global_auc,global_fpr
0,Drebin,100,10,0.1448004721895559,1.2041864785527714,0.10150023631636156,0.1407840166641635,0.012252501477840117,0.04754212285920055,0.012252501477840108
