,Dataset,num of round,num of clients,global_acc,global_loss,global_f1,global_precision,global_recall,global_auc,global_fpr
0,Drebin,100,10,0.897746010638298,0.22289503626525403,0.7596053317076686,0.9626659895404515,0.7490261496844007,0.9566829013039466,0.25097385031559993
