,Dataset,num of round,num of clients,global_acc,global_loss,global_f1,global_precision,global_recall,global_auc,global_fpr
0,Drebin,100,10,0.8933144946808511,8.875119186490775,0.8742072548347237,0.817103048764817,0.9502344454463483,0.9172265052414755,0.04976555455365195
