,Dataset,num of round,num of clients,global_acc,global_loss,global_f1,global_precision,global_recall,global_auc,global_fpr
0,Drebin,100,10,0.06536806703243249,2.822826277082974,0.055172898306390175,0.08273135116675405,0.032914943647340156,0.030044577641741507,0.03291494364734016
1,Malgenome,100,10,0.10149101303636122,0.980859788174674,0.1261172840861786,0.13466634081022832,0.10461254408567748,0.055793809334578275,0.10461254408567747
