,Dataset,num of round,num of clients,global_acc,global_loss,global_f1,global_precision,global_recall,global_auc,global_fpr
0,Drebin,100,10,0.07674571520113933,0.22192278415884037,0.21239217657815015,0.018174506179331217,0.2126884983785141,0.037936934264831364,0.21268849837851406
