,Dataset,num of round,num of clients,global_acc,global_loss,global_f1,global_precision,global_recall,global_auc,global_fpr
0,Drebin,100,10,0.13498439404085685,0.20903040857569885,0.38119962183939576,0.09802108335247933,0.37934807770370793,0.09061457547861983,0.37934807770370765
