,Dataset,num of round,num of clients,global_acc,global_loss,global_f1,global_precision,global_recall,global_auc,global_fpr
0,Drebin,100,10,0.08510326779122473,0.17341100121960654,0.07827724167626596,0.10743588050542806,0.03619231576533209,0.05236298461272326,0.03619231576533213
