,Dataset,num of round,num of clients,global_acc,global_loss,global_f1,global_precision,global_recall,global_auc,global_fpr
0,Drebin,100,10,0.9385771276595744,0.17114365324378014,0.9256280175928918,0.9127430553136651,0.944842200180343,0.9783964532611965,0.055157799819657384
