,Dataset,num of round,num of clients,global_acc,global_loss,global_f1,global_precision,global_recall,global_auc,global_fpr
0,Drebin,100,10,0.10006348796260438,0.1621612405193241,0.27772046232873443,0.010013231925525648,0.27913527399802507,0.03876059866038364,0.279135273998025
