,Dataset,num of round,num of clients,global_acc,global_loss,global_f1,global_precision,global_recall,global_auc,global_fpr
0,Drebin,100,10,0.08456320772537933,0.17795725481581448,0.12289173860774187,0.07758407430645352,0.15581294560744463,0.04139532390364906,0.1558129456074446
