,Dataset,num of round,num of clients,global_acc,global_loss,global_f1,global_precision,global_recall,global_auc,global_fpr
0,Drebin,100,10,0.9373570478723404,0.14908959932625293,0.8671691897590001,0.9761087680157888,0.8533273219116323,0.9839243116423575,0.14667267808836792
