,Dataset,num of round,num of clients,global_acc,global_loss,global_f1,global_precision,global_recall,global_auc,global_fpr
0,Drebin,100,10,0.15564452345625968,0.22449619153731054,0.43201528839653414,0.0600935815277386,0.42551375162628763,0.0801776009352609,0.42551375162628774
