,Dataset,num of round,num of clients,global_acc,global_loss,global_f1,global_precision,global_recall,global_auc,global_fpr
0,Drebin,100,10,0.8412765957446813,0.3498066029697657,0.8390040154570596,0.7786972976855796,0.9456537421100089,0.9445826928984975,0.05434625788999096
