,Dataset,num of round,num of clients,global_acc,global_loss,global_f1,global_precision,global_recall,global_auc,global_fpr
0,Drebin,100,10,0.1235478748791844,0.1919890461030932,0.3479190882817848,0.01420778930996418,0.34714856926242615,0.07444606021444342,0.34714856926242615
