,Dataset,num of round,num of clients,global_acc,global_loss,global_f1,global_precision,global_recall,global_auc,global_fpr
0,Drebin,100,10,0.8490691489361698,0.311979755833745,0.638656810195557,0.9732276657820199,0.6216230838593326,0.9498429907820116,0.3783769161406675
