,Dataset,num of round,num of clients,global_acc,global_loss,global_f1,global_precision,global_recall,global_auc,global_fpr
0,Drebin,100,10,0.9338929521276594,0.19842304237186908,0.9051062297742553,0.9268912194930574,0.9068530207394051,0.977406769544599,0.09314697926059522
