,Dataset,num of round,num of clients,global_acc,global_loss,global_f1,global_precision,global_recall,global_auc,global_fpr
0,Drebin,100,10,0.1612741465075524,0.2492665019499694,0.12787731215100204,0.19234013905321462,0.015441615052372968,0.08211390936498934,0.015441615052372968
